{
    "feature_type": "melspectrogram",
    "mean": -4.997812627297069e-16,
    "std": 0.9999999999999996,
    "min": -1.2534280641052928,
    "max": 3.019089099926292,
    "shape": [
        4481,
        1,
        128,
        141
    ],
    "n_samples": 4481,
    "timestamp": "20250509_142401",
    "channel_means": [
        -4.997812627297069e-16
    ],
    "channel_stds": [
        0.9999999999999996
    ]
}