{
    "chroma": {
        "feature_type": "chroma",
        "mean": 3.857360840581658e-16,
        "std": 1.0000000000000004,
        "min": -0.874220509921273,
        "max": 2.229470000398452,
        "shape": [
            4481,
            1,
            12,
            141
        ],
        "n_samples": 4481,
        "timestamp": "20250509_142359",
        "channel_means": [
            3.857360840581658e-16
        ],
        "channel_stds": [
            1.0000000000000004
        ]
    },
    "melspectrogram": {
        "feature_type": "melspectrogram",
        "mean": -4.997812627297069e-16,
        "std": 0.9999999999999996,
        "min": -1.2534280641052928,
        "max": 3.019089099926292,
        "shape": [
            4481,
            1,
            128,
            141
        ],
        "n_samples": 4481,
        "timestamp": "20250509_142401",
        "channel_means": [
            -4.997812627297069e-16
        ],
        "channel_stds": [
            0.9999999999999996
        ]
    },
    "mfcc": {
        "feature_type": "mfcc",
        "mean": -3.2147335213007316e-16,
        "std": 1.0,
        "min": -5.46116497054235,
        "max": 5.758141126794486,
        "shape": [
            4481,
            1,
            40,
            141
        ],
        "n_samples": 4481,
        "timestamp": "20250509_142402",
        "channel_means": [
            -3.2147335213007316e-16
        ],
        "channel_stds": [
            1.0
        ]
    }
}